{"ComputeWorldVertices": 1661753131.5338707, "DefaultPS": 1661916250.9941547, "SkeletalVertexShader": 1661919687.85783, "StaticVertexShader": 1661916250.9981527, "WorldGrassPS": 1661916251.0011525, "WorldVertexShader": 1661916251.003152}