{
    "noise_layers": [
        {
            "active": true,
            "exponent": 2.0,
            "frequency": {
                "x": 0.11500000208616257,
                "y": 0.11500000208616257
            },
            "multiplier": 24.0,
            "seed": 7504
        },
        {
            "active": true,
            "exponent": 1.0,
            "frequency": {
                "x": 0.20000000298023224,
                "y": 0.20000000298023224
            },
            "multiplier": 8.0,
            "seed": 4151
        },
        {
            "active": false,
            "exponent": 1.0,
            "frequency": {
                "x": 0.15000000596046448,
                "y": 0.15000000596046448
            },
            "multiplier": 12.0,
            "seed": 1337
        },
        {
            "active": false,
            "exponent": 1.0,
            "frequency": {
                "x": 0.15000000596046448,
                "y": 0.15000000596046448
            },
            "multiplier": 12.0,
            "seed": 1337
        }
    ],
    "seed": {
        "material": "m_seed_test"
    },
    "spread": {
        "materials": [
            "m_flower_test",
            "m_stem_test"
        ],
        "model": "st_flower_test"
    },
    "terrain": {
        "material": "m_terrain_grass"
    },
    "phases": [
        [],
        [],
        [],
        []
    ]
}
