{
    "blob": {
        "frequency": 100.0,
        "maxRadius": 150.0,
        "minRadius": 150.0,
        "seed": 1337
    },
    "noise_layers": [
        {
            "active": false,
            "exponent": 1.0,
            "frequency": {
                "x": 0.15000000596046448,
                "y": 0.15000000596046448
            },
            "multiplier": 12.0,
            "seed": 1337
        },
        {
            "active": false,
            "exponent": 1.0,
            "frequency": {
                "x": 0.15000000596046448,
                "y": 0.15000000596046448
            },
            "multiplier": 12.0,
            "seed": 1337
        },
        {
            "active": false,
            "exponent": 1.0,
            "frequency": {
                "x": 0.15000000596046448,
                "y": 0.15000000596046448
            },
            "multiplier": 12.0,
            "seed": 1337
        },
        {
            "active": false,
            "exponent": 1.0,
            "frequency": {
                "x": 0.15000000596046448,
                "y": 0.15000000596046448
            },
            "multiplier": 12.0,
            "seed": 1337
        }
    ],
    "phases": [
        [
            {
                "name": "e_player",
                "persist": true,
                "transform": {
                    "position": {
                        "x": 21.322505950927734,
                        "y": 9.574460983276367,
                        "z": -2.5181241035461426
                    },
                    "rotation": {
                        "x": -3.141592502593994,
                        "y": 0.29659128189086914,
                        "z": -3.141592502593994
                    },
                    "scale": {
                        "x": 1.0,
                        "y": 1.0,
                        "z": 1.0
                    }
                },
                "type_id": 1
            }
        ],
        null,
        null,
        null
    ]
}
