{
    "blob": {
        "frequency": 100.0,
        "maxRadius": 250.0,
        "minRadius": 150.0,
        "seed": 1337
    },
    "noise_layers": [
        {
            "active": false,
            "exponent": 1.0,
            "frequency": {
                "x": 0.15000000596046448,
                "y": 0.15000000596046448
            },
            "multiplier": 12.0,
            "seed": 1337
        },
        {
            "active": false,
            "exponent": 1.0,
            "frequency": {
                "x": 0.15000000596046448,
                "y": 0.15000000596046448
            },
            "multiplier": 12.0,
            "seed": 1337
        },
        {
            "active": false,
            "exponent": 1.0,
            "frequency": {
                "x": 0.15000000596046448,
                "y": 0.15000000596046448
            },
            "multiplier": 12.0,
            "seed": 1337
        },
        {
            "active": false,
            "exponent": 1.0,
            "frequency": {
                "x": 0.15000000596046448,
                "y": 0.15000000596046448
            },
            "multiplier": 12.0,
            "seed": 1337
        }
    ],
    "phases": [
        [
            {
                "name": "e_player",
                "persist": true,
                "transform": {
                    "position": {
                        "x": 0.45516741275787354,
                        "y": 11.947652816772461,
                        "z": 25.824798583984375
                    },
                    "rotation": {
                        "x": 0.0,
                        "y": -0.5999999046325684,
                        "z": 0.0
                    },
                    "scale": {
                        "x": 1.0,
                        "y": 1.0,
                        "z": 1.0
                    }
                },
                "type_id": 1
            }
        ],
        null,
        null,
        null
    ]
}
