{
    "blob": {
        "frequency": 100.0,
        "maxRadius": 150.0,
        "minRadius": 150.0,
        "seed": 1337
    },
    "noise_layers": [
        {
            "active": false,
            "exponent": 1.0,
            "frequency": {
                "x": 0.15000000596046448,
                "y": 0.15000000596046448
            },
            "multiplier": 12.0,
            "seed": 1337
        },
        {
            "active": false,
            "exponent": 1.0,
            "frequency": {
                "x": 0.15000000596046448,
                "y": 0.15000000596046448
            },
            "multiplier": 12.0,
            "seed": 1337
        },
        {
            "active": false,
            "exponent": 1.0,
            "frequency": {
                "x": 0.15000000596046448,
                "y": 0.15000000596046448
            },
            "multiplier": 12.0,
            "seed": 1337
        },
        {
            "active": false,
            "exponent": 1.0,
            "frequency": {
                "x": 0.15000000596046448,
                "y": 0.15000000596046448
            },
            "multiplier": 12.0,
            "seed": 1337
        }
    ],
    "phases": [
        [
            {
                "name": "e_player",
                "persist": true,
                "transform": {
                    "position": {
                        "x": -18.035173416137695,
                        "y": 0.0,
                        "z": 13.754341125488281
                    },
                    "rotation": {
                        "x": 0.0,
                        "y": -0.0,
                        "z": 0.0
                    },
                    "scale": {
                        "x": 1.0,
                        "y": 1.0,
                        "z": 1.0
                    }
                },
                "type_id": 1
            }
        ],
        [
            {
                "name": "e_tpillar",
                "persist": false,
                "transform": {
                    "position": {
                        "x": -42.70488357543945,
                        "y": 0.0,
                        "z": -8.592644691467285
                    },
                    "rotation": {
                        "x": 0.0,
                        "y": -0.0,
                        "z": 0.0
                    },
                    "scale": {
                        "x": 4.199999809265137,
                        "y": 4.199999809265137,
                        "z": 4.199999809265137
                    }
                },
                "type_id": 3
            }
        ],
        null,
        null
    ]
}
