{
    "bubbles": [
        {
            "w": 50.0,
            "x": -19.155681610107422,
            "y": 8.303644180297852,
            "z": 9.32103443145752
        }
    ],
    "curves": [
        [
            {
                "w": 50.0,
                "x": -24.321453094482422,
                "y": 1.383015513420105,
                "z": -31.709577560424805
            }
        ]
    ],
    "noise_layers": [
        {
            "active": false,
            "exponent": 1.0,
            "frequency": {
                "x": 0.15000000596046448,
                "y": 0.15000000596046448
            },
            "multiplier": 12.0,
            "seed": 1337
        },
        {
            "active": false,
            "exponent": 1.0,
            "frequency": {
                "x": 0.15000000596046448,
                "y": 0.15000000596046448
            },
            "multiplier": 12.0,
            "seed": 1337
        },
        {
            "active": false,
            "exponent": 1.0,
            "frequency": {
                "x": 0.15000000596046448,
                "y": 0.15000000596046448
            },
            "multiplier": 12.0,
            "seed": 1337
        },
        {
            "active": false,
            "exponent": 1.0,
            "frequency": {
                "x": 0.15000000596046448,
                "y": 0.15000000596046448
            },
            "multiplier": 12.0,
            "seed": 1337
        }
    ],
    "phases": [
        [],
        null,
        null,
        null
    ]
}
